,제목,카페명,카페주소,글링크,요약
0,데이터분석전문가 자격 시험 어떻게 준비할까?,ㆍ피터팬의 좋은방 구하기ㆍ,https://cafe.naver.com/kig,http://cafe.naver.com/kig/19555987,"데이터분석전문가 자격 시험 어떻게 준비할까? 데이터를 분석해 의미 있는 인사이트를 도출하는 역량은... 되면서, 데이터분석전문가에 대한 관심도 높아지고 있어요. 이 자격은 데이터 분야에서도 취득하기 어려운 편에... "
1,"ADSP, 빅데이터분석기사 관한 질문드립니다.","독금사-금융자격증,AFPK,CFP,전산회계...",https://cafe.naver.com/dokkm,http://cafe.naver.com/dokkm/3260261,"빅데이터분석기사 자격증을 준비해보려고 하는데, 바로 빅데이터분석기사에 도전하는 것이 좋을지, 아니면 ADsP를 먼저 취득한 후 빅데이터분석기사를 준비하는 것이 좋을지 고민됩니다. 실제로 준비해보신 분들께서는... "
2,빅데이터분석기사 응시자격 한 번에 가는 루트,황인영 영어 카페,https://cafe.naver.com/maljjang2,http://cafe.naver.com/maljjang2/1646279,그 중에서도 21세기 컴퓨터과학의 눈부신 발전이 이룩한 분야 '빅데이터' 빅데이터 전문가가 되기 위한 초석 빅데이터분석기사 응시자격과 자격증에 대해 알아봅시다. 우선 빅데이터분석기사 자격증 취득을 위한... 
3,"챗GPT 데이터 분석, 비전문가도 전문가처럼 활용하는 방법",온미르클럽,https://cafe.naver.com/onmirclub,http://cafe.naver.com/onmirclub/10364,"챗GPT를 활용해서 복잡한 데이터 분석과 시각화를 전문가처럼 해낼 수 있는 방법들에 대해 핵심만 쏙쏙 뽑아 정리해 봤어요. 가장 중요한 건, 챗GPT를 단순한 질문 답변 도구가 아니라 데이터 분석 파트너로 어떻게... "
4,데이터 분석 초보에게 추천하는 자격증?,"국비모★국민내일배움카드,국비교육,국...",https://cafe.naver.com/kkaebangjeong,http://cafe.naver.com/kkaebangjeong/297026,저번에 댓글에서 분석 개발 설계 3개 카테고리 있다고 하셔서 자세히 알아봤는데 전 분석 쪽에 관심이 가더라구요 데이터 분석 자격증으로는 국가기술 빅데이터 분석기사 데이터 분석 준전문가 (ADsP) 국가공인 데이터... 
5,"빅데이터분석기사 응시자격, 필기 실기 합격률 정리 (AI자격증)","청주맘스캠프 (충북맘,청주맘카페,세종...",https://cafe.naver.com/cjcjmom,http://cafe.naver.com/cjcjmom/3484471,✨ 트렌드와 전망 분석 최근 들어 인공지능과 데이터 분석 시장이 정말 무섭게 성장하고 있다는 것을 다들... 상황이 이렇다 보니 국가기술자격증 중에서도 AI자격증 빅데이터분석기사의 인기가 날로 높아지고 있어요. 많은... 
6,빅데이터분석기사 응시자격 학점은행제 준비방법 후기,ㆍ피터팬의 좋은방 구하기ㆍ,https://cafe.naver.com/kig,http://cafe.naver.com/kig/19502643,"빅데이터분석기사 자격증을 처음 알게 된 건, 회사에서 데이터 관련 업무가 갑자기 늘어나기 시작하면서였어요. 4차 산업 시대가 되면서 공기업이나 대기업에서도 데이터 분석 직무 채용이 꾸준히 늘고 있다는 걸 느꼈고... "
7,데이터 분석 진로,"독금사-금융자격증,AFPK,CFP,전산회계...",https://cafe.naver.com/dokkm,http://cafe.naver.com/dokkm/3259921,"제 성향상 영업이나 고객을 응대하는 것엔 자신이 없어서 데이터 분석, 데이터 마케팅쪽으로 진로를 생각하고 있습니다. 구체적으로는 카드사에 취업하고 싶은데 데이터분석으로 가기 좋을 유리한... "
8,TNR 공공데이터 분석해봤어요,고양이라서 다행이야,https://cafe.naver.com/ilovecat,http://cafe.naver.com/ilovecat/8261813,요즘 데이터 분석과정을 배우고 있어서 TNR 관련 공공데이터가 있어서 관심있는 분야라 연습삼아... 확실히 관심이 많은 분야로 데이터 분석하니 새롭게 알게되는 것도 있고 기존에 알고 있던걸 다시 확인도 할 수... 
9,데이터분석가 vs QA 고민입니다,"국비모★국민내일배움카드,국비교육,국...",https://cafe.naver.com/kkaebangjeong,http://cafe.naver.com/kkaebangjeong/296267,"원래 음악이랑 축구를 좋아해서 스포츠나 엔터테인먼트 데이터 분석 쪽 일을 해보고 싶어서 5월부터 방향을 틀었습니다. ADsP, SQLD 따고 다음달 빅데이터분석기사 필기 준비중이에요. 근데 요즘 고민이 많아지는... "
10,데이터분석전문가 자격증,"독금사-금융자격증,AFPK,CFP,전산회계...",https://cafe.naver.com/dokkm,http://cafe.naver.com/dokkm/3265083,혹시 데이터분석전문가 자격증 따신분 있으신가요??! 필독! 이번주 독금사 BEST 인기글 모음 놓치면 안 될 2026 상반기 금융권 예상 채용일정 https://gouk.kr/xB3Gu5 주요 은행별 필기 기출&amp;합격꿀팁 https... 
11,"CPA 제휴 마케팅, 데이터 분석으로 전환율 높이는 비법 정리",온미르클럽,https://cafe.naver.com/onmirclub,http://cafe.naver.com/onmirclub/10227,단순히 클릭 수만 보는 것보다 데이터 분석을 통해 전환율을 높이는 게 정말 중요한데요. 오늘은 실제 전환율을 끌어올릴 수 있는 데이터 분석 비법을 몇 가지 정리해 봤어요. 가장 먼저 볼 건 역시 유입 채널별 성과... 
12,데이터 분석의 매력 알아보기,창사영2[창업사업영업아이템]소상공인...,https://cafe.naver.com/coolishz,http://cafe.naver.com/coolishz/783610,"데이터 분석을 해야 할 일이 많아서 고민이 많았어요. 처음에는 어떻게 시작해야 할지 막막하기만 했고, 여러 프로그램을 번갈아가며 사용해봤지만 너무 어렵고 복잡하더라고요. 그러다가 친구의 추천으로 한 데이터 분석... "
13,데이터 분석에서 SQL의 중요성,"국비모★국민내일배움카드,국비교육,국...",https://cafe.naver.com/kkaebangjeong,http://cafe.naver.com/kkaebangjeong/295326,데이터 분석 관련 부트캠프 커리큘럼을 보면 기본으로 꼭 들어가 있는 스킬이 SQL이잖아요? 데이터베이스에서 원하는 데이터 추출해준다는 건 알고 있는데 왜 데이터 분석에서 SQL이 필수인지 잘 이해가 안 가서요ㅜㅜ... 
14,삼분의일(?) 전공자의 빅데이터분석기사 합격 후기,데이터 전문가 포럼 (빅데이터분석기사...,https://cafe.naver.com/sqlpd,http://cafe.naver.com/sqlpd/100690,"작년 9월부터 빅데이터&amp;AI 공부 시작해서, 작년 11월에 ADsP, 올해 3월에 AICE Associate, 올해 4월에 빅데이터분석기사 필기, 그리고 오늘 빅데이터분석기사 실기에 합격했습니다. 대학교와 대학원에서 공부했던 통계... "
15,라이더는 왜 죽는가? (미국 NHTSA의 사고 데이터 분석 결과),바튜매 : 오토바이 커뮤니티 오토바이...,https://cafe.naver.com/bikecargogo,http://cafe.naver.com/bikecargogo/9434009,NHTSA가 발표한 오토바이 사고 데이터 분석을 통해 라이더가 스스로의 생명을 지키기 위해 무엇을 할 수 있는지 알아봅니니다. 1. 헬멧: 생존을 위한 최소한의 장비 통계에 따르면 헬멧은 매년 수천 명의 라이더를... 
16,데이터 분석 역량 키워주는 마케팅 필독서 3권,키엔엑스,https://cafe.naver.com/keynx,http://cafe.naver.com/keynx/5934,마케터라면 데이터 분석 역량을 키우는 게 정말 중요하죠. 오늘은 수많은 마케팅 도서 중에서 특히 데이터 분석 능력을 향상시키는 데 도움이 될 만한 책 세 권을 정리해 봤어요. 책을 고를 때는 단순히 트렌드를... 
17,데이터분석 부트캠프 야간,"국비모★국민내일배움카드,국비교육,국...",https://cafe.naver.com/kkaebangjeong,http://cafe.naver.com/kkaebangjeong/294608,"데이터분석 부트캠프 KDT를 하나 수강하려고 하는데 대부분 월~금, 오전9시 ~오후6시 (6~7개월 과정) 정도던데 이게 효율적일까요? 대학교를 IT관련 전공을 했는데, 현재 다른 분야로 재직중에 있습니다 다시 데이터분석... "
18,빅데이터분석기사 응시자격 및 실기 단기 합격 방법,ㆍ피터팬의 좋은방 구하기ㆍ,https://cafe.naver.com/kig,http://cafe.naver.com/kig/19460036,"특히 빅데이터분석기사는 마케팅, 금융, 유통 등 다양한 산업군에서 가산점 요소로 활용되는 국가공인... [1] 빅데이터분석기사 응시자격, 전공자만 가능할까? 빅데이터분석기사 응시자격은 4년제 대학 졸업 여부이며... "
19,데이터 분석 준전문가 양성 과정(ADSP 자격증) 교육생 모집,제사모-제주도 대표카페 한달살기 숙소...,https://cafe.naver.com/idiolle,http://cafe.naver.com/idiolle/1873822,제주도민 대상 데이터 분석 역량 강화 교육! 데이터 분석 입문자를 위한 대표 데이터 분석 자격증 『데이터 분석 준전문가 양성 과정』교육생 모집 이런 고민이 있으신 분이라면 이번 과정에 주목해주세요!... 
20,데이터분석 부트캠프 고민,"국비모★국민내일배움카드,국비교육,국...",https://cafe.naver.com/kkaebangjeong,http://cafe.naver.com/kkaebangjeong/296625,팀스파르타 kant데이터분석 9.5개월 sk네트웍스 패밀리엔코아 ai캠퍼스 데이터분석 6개월 뭐가 더 괜찮은가요
21,[AI교육/강좌] AI를 활용하는 것이 첫걸음 'AI&amp;빅데이터 분석 기초 과정',"독취사-취업,대학생,대기업,공기업,GS...",https://cafe.naver.com/dokchi,http://cafe.naver.com/dokchi/13269056,"[AI교육/강좌] AI를 활용하는 것이 첫걸음 'AI&amp;빅데이터 분석 기초 과정' Python프로그래밍 기초부터 데이터분석 핵심 기술을 체계적으로 학습 데이터수집, 전처리, 분석, 시각화 비전공자도 쉽게... "
22,&quot;데이터 분석의 매력과 나의 성장 이야기&quot;,창사영2[창업사업영업아이템]소상공인...,https://cafe.naver.com/coolishz,http://cafe.naver.com/coolishz/784513,"요즘 데이터 분석에 빠져서 매일매일 새로운 것들을 배우고 있어요. 오늘도 집에서 여유롭게 데이터 분석 관련 강의를 들었죠. 처음에는 너무 어렵고 복잡하게 느껴졌는데, 막상 해보니 재미있더라고요. 특히, 데이터... "
23,100만원 안 되는 가성비 노트북 베이직북16프로 데이터 분석에 잘 맞아요,BASICS 베이직스 공식 커뮤니티 ㅣ국내...,https://cafe.naver.com/tjtnrgml100,http://cafe.naver.com/tjtnrgml100/1030,본업 따로 있고 저녁에 데이터 분석 공부하면서 커리어 전환 준비 중이거든요. 파이썬 돌리고 노트북 켜놓고 분석 연습하고있어요. 데이터 좀 큰 거 다루면 메모리 부족하면 답 없거든요. 데이터 분석은 메모리가... 
24,"빅데이터분석기사 자주 묻는 질문, 고졸도 데이터 취업 준비 가능할까?",밥쟁이 집밥 스토리♥요리 반찬 건강식...,https://cafe.naver.com/bubi2,http://cafe.naver.com/bubi2/22152,&lt;이 빅데이터분석기사 글은 카페 운영진의 허가를 얻어 작성된 글입니다&gt; 빅데이터분석기사 자주 묻는 질문 중 고졸 학습자들이 가장 많이 묻는 건 저도 데이터 취업 준비가 가능할까요? 라는 부분인데요!... 
25,★총7명 [중앙선거관리위원회 채용] 계약직 신입 (인터넷검색/데이터분석) (~7.2),"공준모★공기업,채용,공공기관,코레일...",https://cafe.naver.com/studentstudyhard,http://cafe.naver.com/studentstudyhard/2787012,"중앙선거관리위원회 채용은 사이버공정선거지원단 검색요원 7명, 데이터분석요원 2명 등 총... 업무를, 데이터분석요원은 데이터 분석·수집·정리 업무를 담당합니다. 데이터분석 관련... "
26,데이터 분석의 새로운 시작!,창사영2[창업사업영업아이템]소상공인...,https://cafe.naver.com/coolishz,http://cafe.naver.com/coolishz/789525,"최근에 데이터 분석에 대한 필요성이 점점 커지면서, 저도 이 분야에 대해 알아보려는 마음이 생겼어요.... 그러던 중 우연히 SNS에서 데이터 분석 관련 교육 프로그램을 발견하게 되었어요. 처음에 클릭해보니, 강사님이... "
27,엑셀 데이터 분석 자격증 대비 과정 !! (자격증 취득 가능),"독취사-취업,대학생,대기업,공기업,GS...",https://cafe.naver.com/dokchi,http://cafe.naver.com/dokchi/13271067,"엑셀 데이터 분석 자격증 대비 과정 일정 ▶ 7/9(목)~10(금) ▶ 9:00~18:00 (1일 8시간, 2일 과정) 운영방식 온라인 ZOOM (비대면) 대상 전국 미취업 청년(졸업생 및 4-2학기 이상 재학생 참여 가능)... "
28,상권 데이터 분석으로 성공 찾기,창사영2[창업사업영업아이템]소상공인...,https://cafe.naver.com/coolishz,http://cafe.naver.com/coolishz/779643,"상권 데이터 분석을 하다 보면, 종종 어디서부터 시작해야 할지 막막할 때가 많았어요. 특히 새로운 가게를... 이런 불편함을 겪으면서, 상권 데이터 분석 툴을 소개하려고 해요. 첫 번째 장점은 직관적인 인터페이스입니다.... "
29,이화여자대학교 빅데이터분석학 협동과정 석박사 모집,대학원 입학을 준비하는 사람들의 모임,https://cafe.naver.com/daehakwon,http://cafe.naver.com/daehakwon/180343,이화여자대학교 빅데이터분석학 협동과정 전공주임을 맡고 있는 강윤철 교수입니다. 저희는 2014년 국내 최초로 데이터분석 관련 최초 대학원으로 인공지능/데이터사이언스 분야 응용... 
30,빅데이터분석기사 응시자격 AI 라이선스 온라인으로 준비하는 방법,당진 부동산,https://cafe.naver.com/dj114,http://cafe.naver.com/dj114/877490,빅데이터분석기사 응시자격 AI 라이선스 온라인으로 준비하는 방법 안녕하세요. 교육 전문 그룹... 다만 위와 같은 능력을 증빙하기 위해서는 빅데이터분석기사 자격이 있어야 하는데요. 취득 시 취업이나 이직에 유리한... 
31,데이터분석 프로젝트를 위한 설문조사,☆송도국제도시맘(송도맘)☆,https://cafe.naver.com/momsofsongdoifez,http://cafe.naver.com/momsofsongdoifez/1384640,데이터분석 대회에 나갈예정인데 관련하여 설문조사를 받아야 하는거 같아요 데이터양은 최소 500은 되어야 할거 같은데.. 혹시 자녀분들 데이터분석 대회때 활용한 조사 사이트가 있을까요?... 
32,"빅데이터분석기사 응시자격, 자격증 빠르게 준비하는 방법",ㆍ피터팬의 좋은방 구하기ㆍ,https://cafe.naver.com/kig,http://cafe.naver.com/kig/19430208,"지금부터 빅데이터분석기사 응시자격, 정리해드릴테니 집중해주세요! 빅데이터분석기사 응시자격은? 빅데이터분석기사 자격증은 빅데이터의 수집, 저장, 처리, 분석 및 결과 시각화 업무를 수행할 수 있는 능력을... "
33,빅데이터분석기사 시험일정과 준비방법,"스펙업｜취업,대학생,인턴,대기업,GSA...",https://cafe.naver.com/specup,http://cafe.naver.com/specup/7757331,"요즘 데이터 분야에 관심이 있는 분들이라면 한 번쯤 빅데이터분석기사 자격증을 들어보셨을 것입니다. 데이터 기반 의사결정이 중요해진 시대에, 이 자격증은 데이터 분석 역량을 증명하는 대표적인... "
34,데이터 분석으로 인사이트 찾기,창사영2[창업사업영업아이템]소상공인...,https://cafe.naver.com/coolishz,http://cafe.naver.com/coolishz/789241,"데이터 분석을 해야 하는 상황에 놓이게 된 건 그리 기쁜 일이 아니었다. 회사에서 맡은 프로젝트가 늘어나는 바람에, 데이터 정리와 분석까지 손을 대야 했다. 사실, 평소에 데이터 분석에 대한 지식이 부족했던 터라... "
35,부산 AI&amp;빅데이터 분석 기초 과정 모집,코리아클라쓰,https://cafe.naver.com/bluegraydnbk8,http://cafe.naver.com/bluegraydnbk8/128151,"AI&amp;빅데이터 분석 기초 과정 모집 교육내용 - AI·빅데이터 이해 - 파이썬 기초 및 활용 - 데이터 수집, 저장, 시각화 ※ 미니프로젝트 공공데이터 활용 분석 프로젝트 참여대상... "
36,"빅데이터분석기사 응시자격, 온라인으로 갖추는 방법",대건법 ( 대한민국 건설현장 안전관리...,https://cafe.naver.com/hksafety,http://cafe.naver.com/hksafety/270001,"✅4차 산업혁명의 핵심 스펙, 빅데이터분석기사란? 최근 데이터의 중요성이 커지면서 빅데이터분석기사는 취업 시장에서 가장 핫한 자격증 중 하나로 떠올랐습니다 방대한 데이터를 수집하고 분석하여 실질적인 가치를... "
37,서울 2026 관광지식정보시스템 [관광데이터 분석 포스터 공모전],코리아클라쓰,https://cafe.naver.com/bluegraydnbk8,http://cafe.naver.com/bluegraydnbk8/124410,2026 관광지식정보시스템 [관광데이터 분석 포스터 공모전] 개요 2026년 관광데이터 분석 포스터 공모전이 시작됩니다! 올해 관광지식정보시스템 공모전은 「관광데이터 분석 포스터 공모전」으로... 
38,데이터 분석의 매력과 활용법,창사영2[창업사업영업아이템]소상공인...,https://cafe.naver.com/coolishz,http://cafe.naver.com/coolishz/788504,"대학원에서 데이터 분석을 공부하고 있는 중인데, 최근에 과제가 너무 많아져서 스트레스를 많이 받았어요.... 이때문에 데이터 분석에 대한 흥미도 점점 줄어드는 것 같고, 막막함만 커져갔던 상황이었죠. 그러던 중 우연히... "
39,ADsP(데이터분석 준전문가) 자격증 시험 준비,"공취모★공기업NCS,공공기관취업,코레...",https://cafe.naver.com/dakchi,http://cafe.naver.com/dakchi/3122787,데이터분석준전문가 자격증 처음 대비하려고 합니다 처음 시작을 어떻게 해야될지 막막하기도 하고 무작정 문제집만 풀어보는게 맞는지 ㅜㅜ 잘 모르겠어요 ㅜㅜㅜ ✨2026 공기업 가산점... 
40,데이터 분석 역량,"스펙업｜취업,대학생,인턴,대기업,GSA...",https://cafe.naver.com/specup,http://cafe.naver.com/specup/7793225,요즘 데이터 분석 역량도 매우 중요한 부분으로 자리잡고 있는데 데이터를 다뤘던 경험이 데이터 분석에 관한 강의를 수강하며 진행한 과제 정도가 전부입니다. 해당 강의를 수강하면서 경험한 데이터 분석... 
41,[정보처리기사 / 빅데이터분석기사 / 정보보안기사] 3종세트 국비교육 3개월완성!,"독취사-취업,대학생,대기업,공기업,GS...",https://cafe.naver.com/dokchi,http://cafe.naver.com/dokchi/13248466,"특히 정보처리기사, 빅데이터분석기사, 정보보안기사 자격증 취득과 취업 준비를 함께 할 수 있다는 점이... 빅데이터분석기사 데이터 수집, 분석, 시각화, 통계 활용 등 데이터 기반 의사결정 능력을 배우게 됩니다.... "
42,"데이터 분석, 이렇게 시작해보세요!",창사영2[창업사업영업아이템]소상공인...,https://cafe.naver.com/coolishz,http://cafe.naver.com/coolishz/788800,"데이터 분석을 처음 시작할 때 정말 많은 고민을 했던 것 같아요. 주변에서 다들 데이터 분석이 중요하다고 하길래, 나도 해보려고 했는데 막상 시작하려니 막막하더라고요. 어떤 도구를 사용해야 할지, 어떤 언어를 배우면... "
43,시즌 데이터 분석으로 성적 올리기,창사영2[창업사업영업아이템]소상공인...,https://cafe.naver.com/coolishz,http://cafe.naver.com/coolishz/787507,"최근 몇 년간 데이터 분석에 대한 관심이 높아지면서, 저도 자연스럽게 이 분야에 발을 들여놓게 되었습니다.... 특히 시즌데이터분석에 대한 필요성을 느꼈는데, 스포츠나 패션, 마케팅 등의 분야에서 시즌별로 데이터... "
44,데이터 분석으로 여는 새로운 기회,창사영2[창업사업영업아이템]소상공인...,https://cafe.naver.com/coolishz,http://cafe.naver.com/coolishz/786211,"최근에 데이터 분석을 시작하려고 했는데, 막상 시작하려니 여러 가지 고민이 많았습니다. 데이터 분석을 통해 뭔가를 해보고 싶었지만, 막상 어떻게 접근해야 할지 몰라 속상했어요. 처음에는 책이나 온라인 강의를 보며... "
45,데이터 분석의 매력과 활용법,창사영2[창업사업영업아이템]소상공인...,https://cafe.naver.com/coolishz,http://cafe.naver.com/coolishz/786314,"대학교에서 데이터분석 수업을 듣고 나서, 이 분야에 대해 정말 흥미를 느끼게 되었어요. 그런데 막상 실무에 들어가면 데이터분석이 얼마나 복잡하고 어렵게 느껴질지 걱정이 되었죠. 사실 학창 시절에는 이론을 배우는... "
46,"로또 1231회, 꿈 해몽과 데이터 분석을 결합하여 당첨 가능성을 높이는 방법은?",로또연구소 ㅣ로또 당첨번호 분석 매주...,https://cafe.naver.com/qscwdvefbrgb789,http://cafe.naver.com/qscwdvefbrgb789/1209,이번 포스팅은 데이터 분석과 꿈 해몽이라는 두 가지 관점을 통해 운을 더해볼 수 있는 방법을 소개할... 이번 '로또 1231회'는 데이터 분석을 통해 과거의 당첨번호를 살펴보는 것도 좋은 방법입니다. 이전의 로또 추첨에서... 
47,직장인 데이터 분석 공부 방법,데이터 전문가 포럼 (빅데이터분석기사...,https://cafe.naver.com/sqlpd,http://cafe.naver.com/sqlpd/99270,마치면서 데이터 분석이나 통계에 대한 공부를 자격증 취득을 통해서 진행했는데요 아무래도 실무적인 능력은 많이 부족해서 어떤 방법으로 역량을 쌓을 수 있을 지 궁금해서 글을 남깁니다. 직장인 데이터분석... 
48,한 달 만에 완성하는 데이터 분석 — 데이터와 가까워지기,"스펙업｜취업,대학생,인턴,대기업,GSA...",https://cafe.naver.com/specup,http://cafe.naver.com/specup/7845674,"한 달 만에 완성하는 데이터 분석 — 데이터와 가까워지기 일반 강의나 단기 부트캠프와 달리, 1:1 맞춤 수업 방식으로 진행되는 데이터 분석 입문 과정입니다. 코딩이 처음이어도 괜찮습니다. 강사 약력... "
49,(서평 후기) [데이터 분석 오답노트],데이터 전문가 포럼 (빅데이터분석기사...,https://cafe.naver.com/sqlpd,http://cafe.naver.com/sqlpd/99834,"데이터 분석으로 결과물을 만드는 과정에서 겪은 다양한 시행착오와 실무적인 고민을 정리해 데이터 분석을 배우는 사람들이 같은 실수를 하지 않도록 이 책을 집필했다는 저자들의 언급처럼, 곳곳에서 번뜩이는... "
50,무인 패스트푸드점 메뉴 최적화를 위한 데이터 분석 기법,온미르클럽,https://cafe.naver.com/onmirclub,http://cafe.naver.com/onmirclub/8315,무인 패스트푸드점의 메뉴를 최적화하려면 데이터 분석이 필수입니다. 고객의 선호도와 판매 데이터를 기반으로 정교한 메뉴 구성을 할 수 있으니까요. 이 글에서는 데이터 분석 기법을 통해 메뉴 최적화의 핵심 요소들을... 
51,판매 데이터 분석의 중요성 알아보기,창사영2[창업사업영업아이템]소상공인...,https://cafe.naver.com/coolishz,http://cafe.naver.com/coolishz/780891,"이런 이유로 이 판매 데이터 분석 도구를 소개하려고 해요. 첫 번째 장점은 직관적인 인터페이스입니다. 처음에 복잡한 데이터 분석 도구를 사용할 때, 버튼이 많고 설명이 어려워서 포기하고 싶었던 적이 많았어요. 그런데... "
52,"빅데이터분석기사 응시자격, 비전공자 준비 방향 정리",김해 장유 율하 [소녀감성아줌마-소마...,https://cafe.naver.com/sogam0515,http://cafe.naver.com/sogam0515/1992851,최근 데이터 관련 분야 관심이 높아지면서 빅데이터분석기사 응시자격 문의도 꾸준히 늘어나고 있는... 빅데이터분석기사 응시자격을 알아보는 분들도 꾸준히 늘어나고 있습니다. 빅데이터분석기사는 응시자격 기준이... 
53,[판매] 2026 ADsP 데이터분석 준전문가 교재 판매합니다:),동탄2신도시맘 ♣ 동탄투맘 모여요~ [...,https://cafe.naver.com/dongtantwomom,http://cafe.naver.com/dongtantwomom/2523904,"ADsP는 데이터 분석 입문용 자격증으로 취업 준비, 자기계발, 실무 역량 향상에 관심 있는 분들이 많이 취득하는 자격증입니다. • 판매가: 20,000원 • 직거래: 영천동(시립영천어린이집) 관심 있으신 분은 댓글... "
54,경리 수준의 일반 사무직 직원인데 데이터 분석 하고싶어요........,데이터 전문가 포럼 (빅데이터분석기사...,https://cafe.naver.com/sqlpd,http://cafe.naver.com/sqlpd/99287,"주변에 데이터 분석 하는 사람도 없을 뿐더러, 저 혼자서 일을 하다가 벽을 느껴서 이제 데이터 분석 기술+AI만이 살길이라고 생각해서 퇴사 까지 결심했는데요.. 간략하게 제 학력과 경력은.. 전문학교(학점따는 수준)... "
55,[출판 문의] 빅데이터분석기사 실기 2027 개정판 출간 예정일 문의,"이기적 스터디 카페_컴활,정보처리,워...",https://cafe.naver.com/yjbooks,http://cafe.naver.com/yjbooks/300843,"안녕하세요~ 어디에 물어야될지 모르겠어서 자게에 올려봅니다a 현재는 컴퓨터활용능력 1급 실기를 준비하고 있긴한데, 다음 과정으로 빅데이터분석기사 실기 시험에 도전하려고 생각중이어서요. 혹시 2027년 개정판... "
56,빅데이터분석기사 IT전공자도 실기 떨어지는 진짜 이유,리그오브레전드 한국커뮤니티 - LoLKo...,https://cafe.naver.com/lolkor,http://cafe.naver.com/lolkor/31301709,"빅데이터분석기사 실기 결과를 보고 충격받는 사람이 많습니다. 더 놀라운 건 그 80% 안에 IT전공자가 상당수... 빅데이터분석기사 필기, 진짜 복병은 통계입니다 필기 합격률은 40~50% 수준이에요. 절반이 합격하니 쉬워... "
57,"빅데이터분석기사, ADsP 선호도","독금사-금융자격증,AFPK,CFP,전산회계...",https://cafe.naver.com/dokkm,http://cafe.naver.com/dokkm/3241654,"기업 입장에서 빅데이터분석기사, ADsP 중에서 선호도 차이나 가점 차이가 클까요? 빅데이터 분석기사 따야할까요? 필독! 이번주 독금사 BEST 인기글 모음 놓치면 안 될 2026 상반기 금융권 예상... "
58,[D.LOG] 초보자를 위한 입문 데이터 분석 동아리,"스펙업｜취업,대학생,인턴,대기업,GSA...",https://cafe.naver.com/specup,http://cafe.naver.com/specup/7816832,"○ 포스터 [D.LOG] 초보자를 위한 입문 데이터 분석 동아리 D.LOG(Data, Decode, Discover)는 데이터를 처음 접하는 비전공자와 입문자를 위해 설계된 실습형 데이터 분석 모임입니다. 모임장도 비전공자로 복잡한... "
59,데이터 분석의 매력 탐구하기,창사영2[창업사업영업아이템]소상공인...,https://cafe.naver.com/coolishz,http://cafe.naver.com/coolishz/787018,"데이터분석을 시작하려고 마음먹었을 때, 솔직히 말해서 막막한 기분이 들었습니다. 관련된 책 몇 권을 읽어보았지만, 전문 용어가 너무 많고 이해하기 어려운 부분이 많더라구요. 주변 친구들은 이미 데이터분석을 통해... "
60,엑셀 데이터 분석 자격증 대비 과정,"독취사-취업,대학생,대기업,공기업,GS...",https://cafe.naver.com/dokchi,http://cafe.naver.com/dokchi/13267634,"엑셀 데이터 분석 자격증 대비 과정 일정 ▶ 7/9(목)~10(금) ▶ 9:00~18:00 (1일 8시간, 2일 과정) 운영방식 온라인 ZOOM (비대면) 대상 전국 미취업 청년(졸업생 및 4-2학기 이상 재학생 참여 가능) 내용... "
61,데이터 분석 부트캠프 추천해주세요,"국비모★국민내일배움카드,국비교육,국...",https://cafe.naver.com/kkaebangjeong,http://cafe.naver.com/kkaebangjeong/296330,팀스파르타에서 하는 칸트 데이터 사이언스부캠이랑 대구 im뱅크 데이터 분석가 아카데미중 뭐가 더 나을까요
62,빅데이터분석 질문,이인호 경영연구소(군무원/공기업/회계...,https://cafe.naver.com/lihlab,http://cafe.naver.com/lihlab/6148,"-빅데이터분석은 상관관계가 중요하고 인과관계는 중요하지 않다. -빅데이터분석은 상관관계와 인과관계가 모두 중요하다. 추가질문 빅데이터분석은 비정형데이터,정형데이터 모두를 다룬다고 기억하면 될까요?... "
63,빅데이터분석기사 시간 낭비 안 하고 응시자격 갖추는 방법 알려 드릴게요!,"대구맘 365 - 결혼, 임신, 출산, 육아...",https://cafe.naver.com/dgmom365,http://cafe.naver.com/dgmom365/7296735,*본 빅데이터분석기사 포스팅은 카페측 운영진의 허가를 받아 작성된 글입니다 안녕하세요 채은쌤입니다 오늘은 취업을 준비하거나 새로운 분야로 이직을 하기 위한 분들을 위해 국가기술자격증 중 빅데이터분석기사라는... 
64,[SeSAC 용산 7기] AI 데이터 분석 캠프 모집 안내,"독취사-취업,대학생,대기업,공기업,GS...",https://cafe.naver.com/dokchi,http://cafe.naver.com/dokchi/13237705,"(SeSAC 용산7기) AI 데이터 분석 캠프 - 기획자·마케터·MD를 꿈꾸는 비전공자를 위한 실무 과정... 활용 데이터 분석 역량 개발, 중급 이상 엑셀 역량 습득 등 참여자 특전 ✔ 팀장급, 임원급 강사진의... "
65,광주 AI 국비교육 정보처리기사 빅데이터분석기사 취업준비 완벽정리,"스펙업｜취업,대학생,인턴,대기업,GSA...",https://cafe.naver.com/specup,http://cafe.naver.com/specup/7834281,"최근 기업들의 채용 공고를 보면 정보처리기사, 빅데이터분석기사, 인공지능(AI), 정보보안, 웹개발 관련... 그러던 중 광주에서 국비지원으로 정보처리기사와 빅데이터분석기사 자격증 취득부터 실무 프로젝트... "
66,&quot;데이터 분석의 매력과 팀워크 경험&quot;,창사영2[창업사업영업아이템]소상공인...,https://cafe.naver.com/coolishz,http://cafe.naver.com/coolishz/783978,"오늘 회사에서 데이터분석 관련 미팅이 있었어. 처음에는 조금 긴장했는데, 막상 시작하니까 재미있더라구! 팀원들이 각자 분석한 결과를 공유하는데, 생각보다 다양한 시각이 나와서 흥미로웠어. 데이터를 통해 문제를... "
67,판매 데이터 분석의 중요성 이해하기,창사영2[창업사업영업아이템]소상공인...,https://cafe.naver.com/coolishz,http://cafe.naver.com/coolishz/777152,"이런 이유로 이 판매 데이터 분석 서비스를 소개하려고 해요. 첫 번째 장점은 시간 절약이에요. 예전에는... 이런 변화들이 일상이 되다 보니, 데이터 분석이 주는 힘을 다시금 느끼게 되는 것 같아요. 데이터가 우리에게... "
68,상권 데이터 분석의 모든 것,창사영2[창업사업영업아이템]소상공인...,https://cafe.naver.com/coolishz,http://cafe.naver.com/coolishz/776653,"이런 이유로 상권 데이터 분석 툴을 소개하려고 해요. 첫 번째 장점은 직관적인 시각화입니다. 예전에는... 상권 데이터 분석 툴 덕분에 비즈니스의 흐름을 놓치지 않게 되었고, 매일매일이 조금 더 즐거워진 것 같아요.... "
69,데이터 분석 AI가 하면 된다?,"국비모★국민내일배움카드,국비교육,국...",https://cafe.naver.com/kkaebangjeong,http://cafe.naver.com/kkaebangjeong/293143,요즘은 데이터 분석도 다 AI가 해준다고 하잖아요? 챗지피티나 제미나이한테 분석해달라고 하면 그럴듯한 결과가 나오기는 하니까요 이 분야도 다른 분야처럼 AI한테 먹히고 있단 얘기 많은데 그래도 배워야되는 이유?... 
70,[서평] 시나공 빅데이터분석기사 실기 Python 2026,데이터 전문가 포럼 (빅데이터분석기사...,https://cafe.naver.com/sqlpd,http://cafe.naver.com/sqlpd/99483,"카페 스터디를 통해 시나공 빅데이터분석기사 실기 교재 서평에 참여하게 되었습니다. 이 책은 유튜버 퇴근후딴짓님의 교재로, 개념의 상세한 설명과 복잡하지 않은 코딩으로 빅데이터분석기사 실기 대비를 쉽게 할 수... "
71,"&quot;데이터 분석, 두려움에서 친구로의 여정&quot;",창사영2[창업사업영업아이템]소상공인...,https://cafe.naver.com/coolishz,http://cafe.naver.com/coolishz/784518,"오늘은 데이터 분석에 대한 얘기를 해보려고 해요. 최근에 회사에서 작은 프로젝트를 맡게 되었는데, 데이터 분석을 해야 한다는 거예요. 처음에는 솔직히 좀 두려웠어요. 데이터 분석이라는 단어가 주는 압박감이... "
72,서울 취업연계ㅣ생성형 AI 실무[데이터분석 교육)핀테크 취업 영등포 무료교육 과정,"독취사-취업,대학생,대기업,공기업,GS...",https://cafe.naver.com/dokchi,http://cafe.naver.com/dokchi/13232098,서울 취업연계ㅣ생성형 AI 실무[데이터분석 교육)핀테크 취업 영등포 무료교육 과정 안녕하세요. 청년취업사관학교 영등포캠퍼스 2기 서울 취업연계로 진행되는 생성형 AI데이터 분석과정 교육생을 모집하고 있습니다.... 
73,"로또 1230회, 데이터 분석과 꿈의 상징이 맞물린 완벽한 번호 선택 비법은?",로또연구소 ㅣ로또 당첨번호 분석 매주...,https://cafe.naver.com/qscwdvefbrgb789,http://cafe.naver.com/qscwdvefbrgb789/920,"오늘은 로또 당첨 번호를 선택하는 데 있어 중요한 두 가지 요소, 즉 '데이터 분석'과 '꿈의 상징'에 대해... 먼저, 로또 번호 선택 시 빠질 수 없는 것이 데이터 분석입니다. 사람들은 통계를 활용하여 최근 당첨 번호 패턴을... "
74,[부산/현직자 특강] 데이터 분석가 현직자 특강 : 현직자가 공개하는 실무 루틴,데이터 전문가 포럼 (빅데이터분석기사...,https://cafe.naver.com/sqlpd,http://cafe.naver.com/sqlpd/99623,이번에 부산에서 데이터분석가 현직자 특강이 진행될 예정입니다. 이번에는 아쉽게도 부산에 거주중인 분들께서만 참여가 가능합니다. 많은 참여 부탁드리겠습니다! &lt; 데이터 분석가 현직자 특강 : 현직자가... 
75,[데이터분석 취준 스터디원 모집] 디스코드 모각코 / 4인 이하,"독취사-취업,대학생,대기업,공기업,GS...",https://cafe.naver.com/dokchi,http://cafe.naver.com/dokchi/13264904,이커머스 데이터 분석가 인턴 취업 진행 중: SQL/태블로 학습하면서 첫 번째 포트폴리오 프로젝트 진행 중 모집 대상 데이터 분석 직군 취준생 취업 준비는 하고있지만 맞는 방향으로 하고있는지... 
76,데이터분석 선배님들의 조언 구합니다.,데이터 전문가 포럼 (빅데이터분석기사...,https://cafe.naver.com/sqlpd,http://cafe.naver.com/sqlpd/99548,"인가경 대학 통계학과 졸업하고 데이터분석 직무를 준비중인 취업준비생입니다. 대학에서 R, SQL, Python 기초... 데이터 분석가를 목표로 하고는 있지만, 현재 제 수준은 기초만 알고 실무 경험은 전무한 상태에 가깝습니다.... "
77,빅데이터분석기사 필기 자료 신청합니다,"이기적 스터디 카페_컴활,정보처리,워...",https://cafe.naver.com/yjbooks,http://cafe.naver.com/yjbooks/302186,인증 도서명 ▶ 2026 빅데이터분석기사 필기 기본서 2. 구매처▶ 교보문고(오프라인) 3. 도서 구매 증빙사진(필수) 4. 자료 받아 볼 개인 이메일 주소 ▶ ***********@*****.*** 5. 한줄소감 ▶ 공부에... 
78,2026 adsp 데이터분석 준전문가,"{이지패스!} ADsP, SQLD (데이터분석준...",https://cafe.naver.com/easyadsp,http://cafe.naver.com/easyadsp/53555,1) ADsP 도서명 2026 adsp 데이터분석 준전문가 2) ADsP 책 구매 인증샷 [이지패스 2026 ADsP 데이터분석 준전문가] 도서 https://wikibook.co.kr/adsp2026/ ADsP 데이터분석 수험생 앱 다운로드 https... 
79,빅데이터분석기사 필기 기본서,"이기적 스터디 카페_컴활,정보처리,워...",https://cafe.naver.com/yjbooks,http://cafe.naver.com/yjbooks/301706,인증 도서명 ▶ 빅데이터분석기사 필기 예) 2026 이기적 컴퓨터활용능력 1급 필기 기본서 ****과목명 제목에 꼭 적어주세요**** 2. 구매처▶ 교보문고 오프라인 예) YES24(온라인) / 교보문고(오프라인) 3.... 
80,빅데이터분석기사 필기 실기 인강 준비의 모든 것｜퇴근 후 2시간으로 만든 합격 결과,리그오브레전드 한국커뮤니티 - LoLKo...,https://cafe.naver.com/lolkor,http://cafe.naver.com/lolkor/31297923,"빅데이터분석기사 필기 실기 인강 준비의 모든 것｜퇴근 후 2시간으로 만든 합격 결과 최근 직장인들 사이에서 ‘퇴근 후 2시간 공부법’이 자격증 합격 전략으로 주목받고 있다. 특히 빅데이터분석기사 시험의 경우, 단순... "
81,판매 데이터 분석의 모든 것,창사영2[창업사업영업아이템]소상공인...,https://cafe.naver.com/coolishz,http://cafe.naver.com/coolishz/776766,"여러분, 혹시 판매 데이터 분석이 어렵고 복잡하게 느껴지신 적이 있나요? 저도 얼마 전까지는 그런 고민을... 이런 고충을 겪던 중, 우연히 발견한 **판매 데이터 분석 도구**를 소개하려고 해요. 이 도구를 사용하면서 가장... "
82,6월 비즈니스 인사이트: AI를 통한 데이터 분석 사례,온미르클럽,https://cafe.naver.com/onmirclub,http://cafe.naver.com/onmirclub/4128,요즘 비즈니스 환경에서 데이터 분석의 중요성이 날로 증가하고 있습니다. 특히 AI 기술을 활용한 데이터 분석 사례는 많은 기업에게 새로운 기회를 제공합니다. 하지만 이 첨단 기술과 관련된 정보는 쉽게 찾기 힘든... 
83,빅데이터분석기사 응시자격부터 준비 과정까지 한 번에 정리,코리아클라쓰,https://cafe.naver.com/bluegraydnbk8,http://cafe.naver.com/bluegraydnbk8/116043,"그중에서도 빅데이터분석기사 자격증은 취업과 커리어 성장에 큰 도움이 되는 국가기술자격증으로 주목받고 있는데요. 오늘은 빅데이터분석기사란 무엇인지, 그리고 학점은행제를 통해 어떻게 효율적으로 준비할 수... "
84,"★총 92명! [행정안전부 채용] 체험형 인턴(행정, 홍보, 영어, 데이터분석 등) 채용(~06/19)","공취사│공기업,공공기관,공무원,민경...",https://cafe.naver.com/uccplus,http://cafe.naver.com/uccplus/2395939,"[행정안전부 채용] 체험형 인턴(행정, 홍보, 영어, 데이터분석 등) 채용(~06/19) ▶ 접수기간 : 2026.6.15(월) ~ 2026.6.19(금) ▶ 모집직무 : 행정, 홍보, 영어, 데이터분석 등 ▶ 고용형태 : 체험형 인턴... "
85,상권 데이터 분석으로 성공하기,창사영2[창업사업영업아이템]소상공인...,https://cafe.naver.com/coolishz,http://cafe.naver.com/coolishz/780145,"이럴 때마다 ‘이런 이유로 이 상권 데이터 분석 툴을 소개하려고 해요. ’ 첫 번째로, 데이터 시각화 기능이... 결국, 이런 데이터 분석 툴 덕분에 상권 분석이 더 이상 두렵지 않게 되었어요. 앞으로도 계속 발전하는 모습을... "
86,엑셀 데이터 분석 자격증 대비 과정 (자격증 취득 가능!!),"공취사│공기업,공공기관,공무원,민경...",https://cafe.naver.com/uccplus,http://cafe.naver.com/uccplus/2404030,"엑셀 데이터 분석 자격증 대비 과정 일정 ▶ 7/9(목)~10(금) ▶ 9:00~18:00 (1일 8시간, 2일 과정) 운영방식 온라인 ZOOM (비대면) 대상 전국 미취업 청년(졸업생 및 4-2학기 이상 재학생 참여 가능) 내용... "
87,"마케터 필수템 AI 데이터 분석 툴, 이렇게 활용하면 좋아요",온미르클럽,https://cafe.naver.com/onmirclub,http://cafe.naver.com/onmirclub/7251,안녕하세요~ 마케터라면 요즘 AI 기반 데이터 분석 툴 활용에 대한 고민 많으실 것 같아요. 막상 어떤 툴을... 데이터 분석 툴을 고를 때는 단순히 기능이 많다고 좋은 건 아니더라고요. 팀에서 자주 사용하는 다른 마케팅... 
88,"로또 1230회, 당첨 번호 선택을 위한 과거 데이터 분석과 명당의 신비는 무엇일까요?",로또연구소 ㅣ로또 당첨번호 분석 매주...,https://cafe.naver.com/qscwdvefbrgb789,http://cafe.naver.com/qscwdvefbrgb789/1105,"그래서 오늘은 로또 당첨 번호를 선택할 때 도움이 될 만한 과거 데이터 분석과 '명당'의 신비를 여러분과... 그래서 저는 다음 두 가지 테마를 중심으로 이야기를 풀어보려고 해요: 1) 로또 당첨 번호의 과거 데이터 분석, 2)... "
89,"빅데이터분석기사 응시자격, 최종학력별 준비 방법 2026 총정리!",전기박사,https://cafe.naver.com/power119,http://cafe.naver.com/power119/1048350,"최근 데이터 활용 능력이 모든 산업의 핵심 역량으로 떠오르면서, 빅데이터분석기사 자격증을 준비하려는... 빅데이터분석기사 응시자격의 특징 빅데이터분석기사 응시자격은 다른 국가기술자격증과 비교했을 때 한... "
90,빅데이터분석기사 필기 자료 요청드립니다.,"이기적 스터디 카페_컴활,정보처리,워...",https://cafe.naver.com/yjbooks,http://cafe.naver.com/yjbooks/301815,인증 도서명 ▶ 2026 이기적 빅데이터분석기사 필기 2. 구매처▶ 알라딘(온라인) 3. 도서 구매 증빙사진(필수) 4. 자료 받아 볼 개인 이메일 주소 ▶ **********@*****.*** 5. 한줄소감 ▶ 열심히... 
91,"빅데이터분석기사 응시자격, 고졸, 전졸, 대졸 준비 가이드라인 2026",김해 장유 율하 [소녀감성아줌마-소마...,https://cafe.naver.com/sogam0515,http://cafe.naver.com/sogam0515/1988636,"오늘은 비전공자나 고졸자도 가장 빠르게 시험 자격을 만드는 빅데이터분석기사 응시자격 원스톱 가이드라인을 공개합니다. 1. 빅데이터분석기사란? (전망·취업·노후) 대용량의 데이터셋을 수집, 분석, 시각화하여... "
92,2026 빅데이터분석기사 필기 자료 신청합니다.,"이기적 스터디 카페_컴활,정보처리,워...",https://cafe.naver.com/yjbooks,http://cafe.naver.com/yjbooks/302720,인증 도서명 ▶ 2026 이기적 빅데이터분석기사 필기 기본서 2. 구매처▶ 쿠팡 3. 도서 구매 증빙사진(필수) 온/오프라인 구매내역을 증빙할 수 있는 이미지 첨부 필수 입니다. 구매내역 인증이... 
93,데이터분석준전문가 이론서+기출문제[구매인증],"이기적 스터디 카페_컴활,정보처리,워...",https://cafe.naver.com/yjbooks,http://cafe.naver.com/yjbooks/301940,인증 도서명 ▶ [ADsP]데이터분석준전문가 이론서+기출문제[ 2. 구매처▶ 오프라인 3. 도서 구매 증빙사진(필수) 4. 자료 받아 볼 개인 이메일 주소 ▶ *****@*****.*** 5. 한줄소감 ▶ 아~ 페이지수는... 
94,ADsP 데이터 분석 역량,"독취사-취업,대학생,대기업,공기업,GS...",https://cafe.naver.com/dokchi,http://cafe.naver.com/dokchi/13159423,챗GPT는 자소서에 ADsP를 데이터 분석 역량으로 녹일 수 있다면서 계속 언급하더라구요. 근데 제가 생각했을 때 ADsP가 데이터 분석 역량을 갖췄다고 하기에는 (물론 없는 것보다야 좋겠지만) 조금 약하지... 
95,"빅데이터분석기사 응시자격, 비전공자 고졸도 단기간에 갖추는 확실한 방법 (총정리)",전기박사,https://cafe.naver.com/power119,http://cafe.naver.com/power119/1048571,그래서 오늘 포스팅은 최근에 떠오르고 있는 유망 자격증 중 하나인 빅데이터분석기사에 대해서 알아보는... 그래서 오늘은 이 분야에 관심 있으신 분들을 위해 빅데이터분석기사 응시자격에 대해 알기 쉽게 싹 정리해... 
96,"로또 1230회, 당첨 꿈 해몽과 실전 데이터 분석 비법은?",로또연구소 ㅣ로또 당첨번호 분석 매주...,https://cafe.naver.com/qscwdvefbrgb789,http://cafe.naver.com/qscwdvefbrgb789/842,"그래서 오늘은 이 특별한 로또를 맞이하여 당첨 꿈 해몽과 함께 실전 데이터 분석의 다양한 팁을 나누어... 이러한 데이터 분석을 통해 사람들은 자주 선택하는 인기 번호와 함께, 덜 선택되는 번호를 조합하여 투자할 수... "
97,빅데이터 분석기사 필기 자료 신청합니다.,"이기적 스터디 카페_컴활,정보처리,워...",https://cafe.naver.com/yjbooks,http://cafe.naver.com/yjbooks/302164,인증 도서명 ▶ 예) 2026 이기적 컴퓨터활용능력 1급 필기 기본서 ****과목명 제목에 꼭 적어주세요**** 빅데이터 분석기사 필기 26 2. 구매처▶ 예) YES24(온라인) / 교보문고(오프라인) 쿠팡입니다. 3. 도서... 
98,빅데이터분석기사 응시자격 관련 자주하는 질문,리그오브레전드 한국커뮤니티 - LoLKo...,https://cafe.naver.com/lolkor,http://cafe.naver.com/lolkor/31303665,요즘 부쩍 빅데이터분석기사 응시자격에 대해 문의를 주시는 분들이 많아졌습니다. 아마 데이터 분석의 중요성이 커지면서 비전공자분들도 이 분야에 관심을 많이 가지시는 것 같은데요 그런데 비전공자라는 이유로... 
99,26 빅데이터 분석기사 필기 자료 요청합니다,"이기적 스터디 카페_컴활,정보처리,워...",https://cafe.naver.com/yjbooks,http://cafe.naver.com/yjbooks/302496,인증 도서명 ▶ 예) 2026 이기적 컴퓨터활용능력 1급 필기 기본서 ****과목명 제목에 꼭 적어주세요**** 2026 이기적 빅데이터 분석기사 필기 2. 구매처▶ 예) YES24(온라인) / 교보문고(오프라인) 교보문고... 
